part,detector,cls,iou,difficulty,pool,base_allpoint,base_r40,trueiou_resort_allpoint,ordering_gap,ap_star,headroom_apstar,M,n_gt,matching_recall
A,M3D-RPN,Car,0.7,Easy,native_panel_pool,15.1362,14.5306,34.4804,19.3442,34.4804,19.3442,1002,2906,0.3448
A,M3D-RPN,Car,0.7,Moderate,native_panel_pool,11.5104,11.0729,23.1932,11.6828,23.1902,11.6798,1826,7874,0.2319
A,M3D-RPN,Car,0.7,Hard,native_panel_pool,8.9455,8.6455,17.8666,8.9211,17.865,8.9194,1958,10960,0.17865
A,MonoDLE,Car,0.7,Easy,native_panel_pool,18.4542,18.3022,40.0626,21.6084,40.0206,21.5664,1163,2906,0.40021
A,MonoDLE,Car,0.7,Moderate,native_panel_pool,15.0917,14.6332,29.1226,14.0309,29.1212,14.0294,2293,7874,0.29121
A,MonoDLE,Car,0.7,Hard,native_panel_pool,13.091,13.0452,25.0618,11.9708,25.0639,11.9729,2747,10960,0.25064
A,MonoFlex,Car,0.7,Easy,native_panel_pool,23.1471,22.3168,39.4008,16.2537,39.8142,16.6671,1157,2906,0.39814
A,MonoFlex,Car,0.7,Moderate,native_panel_pool,16.2625,15.596,26.7183,10.4559,26.8987,10.6362,2118,7874,0.26899
A,MonoFlex,Car,0.7,Hard,native_panel_pool,13.7554,13.4381,22.8573,9.1019,22.9927,9.2373,2520,10960,0.22993
A,GUPNet,Car,0.7,Easy,native_panel_pool,23.9399,23.3968,43.0031,19.0633,43.0145,19.0746,1250,2906,0.43014
A,GUPNet,Car,0.7,Moderate,native_panel_pool,17.1099,16.4563,29.145,12.0351,29.1974,12.0875,2299,7874,0.29197
A,GUPNet,Car,0.7,Hard,native_panel_pool,14.4844,13.7153,24.7964,10.312,24.8358,10.3513,2722,10960,0.24836
A,DEVIANT,Car,0.7,Easy,native_panel_pool,26.0241,25.4049,43.7854,17.7613,43.8403,17.8162,1274,2906,0.4384
A,DEVIANT,Car,0.7,Moderate,native_panel_pool,17.4824,16.7135,29.3088,11.8264,29.3625,11.88,2312,7874,0.29362
A,DEVIANT,Car,0.7,Hard,native_panel_pool,14.8877,14.7417,25.1698,10.2821,25.2099,10.3221,2763,10960,0.2521
A,MonoGround,Car,0.7,Easy,native_panel_pool,24.3999,23.36,42.1335,17.7335,42.1542,17.7542,1225,2906,0.42154
A,MonoGround,Car,0.7,Moderate,native_panel_pool,17.4484,16.8804,28.3392,10.8908,28.3592,10.9108,2233,7874,0.28359
A,MonoGround,Car,0.7,Hard,native_panel_pool,14.5256,14.0184,23.679,9.1534,23.6953,9.1696,2597,10960,0.23695
A,MonoCon,Car,0.7,Easy,native_panel_pool,26.949,26.0312,42.6902,15.7412,44.735,17.7861,1300,2906,0.44735
A,MonoCon,Car,0.7,Moderate,native_panel_pool,19.5927,19.0149,30.1729,10.5801,31.0389,11.4461,2444,7874,0.31039
A,MonoCon,Car,0.7,Hard,native_panel_pool,16.5193,15.9123,25.7899,9.2706,26.4325,9.9132,2897,10960,0.26432
A,MonoDETR,Car,0.7,Easy,native_panel_pool,29.1192,28.2525,47.4033,18.2841,47.4535,18.3343,1379,2906,0.47454
A,MonoDETR,Car,0.7,Moderate,native_panel_pool,21.1833,20.9061,32.6029,11.4195,32.6391,11.4557,2570,7874,0.32639
A,MonoDETR,Car,0.7,Hard,native_panel_pool,17.7363,17.5414,27.534,9.7977,27.573,9.8367,3022,10960,0.27573
A,MonoDGP,Car,0.7,Easy,native_panel_pool,30.6177,30.0494,41.061,10.4433,47.9009,17.2832,1392,2906,0.47901
A,MonoDGP,Car,0.7,Moderate,native_panel_pool,22.8222,22.0242,31.2275,8.4053,34.4044,11.5821,2709,7874,0.34404
A,MonoDGP,Car,0.7,Hard,native_panel_pool,19.8785,19.5749,28.038,8.1595,30.438,10.5595,3336,10960,0.30438
A,MonoCoP,Car,0.7,Easy,native_panel_pool,32.7545,31.8579,49.3957,16.6412,49.6215,16.867,1442,2906,0.49621
A,MonoCoP,Car,0.7,Moderate,native_panel_pool,24.3434,23.843,35.9279,11.5845,36.03,11.6866,2837,7874,0.3603
A,MonoCoP,Car,0.7,Hard,native_panel_pool,20.929,20.4382,31.0674,10.1385,31.1496,10.2207,3414,10960,0.3115
A,MonoCLUE,Car,0.7,Easy,native_panel_pool,34.0287,33.5778,46.6165,12.5877,50.1721,16.1433,1458,2906,0.50172
A,MonoCLUE,Car,0.7,Moderate,native_panel_pool,24.5549,24.0343,34.283,9.7282,35.9411,11.3862,2830,7874,0.35941
A,MonoCLUE,Car,0.7,Hard,native_panel_pool,21.0403,20.5117,30.1217,9.0813,31.3869,10.3465,3440,10960,0.31387
A,MonoIA,Car,0.7,Easy,native_panel_pool,34.7859,33.9442,51.9691,17.1832,52.34,17.5541,1521,2906,0.5234
A,MonoIA,Car,0.7,Moderate,native_panel_pool,25.1828,24.4089,36.8235,11.6408,36.9825,11.7997,2912,7874,0.36982
A,MonoIA,Car,0.7,Hard,native_panel_pool,21.6666,20.9146,31.8786,10.212,31.9982,10.3316,3507,10960,0.31998
B,M3D-RPN,Car,0.7,Easy,native_prediction_dir,15.1362,14.5306,34.4804,19.3442,34.4804,19.3442,1002,2906,0.3448
B,M3D-RPN,Car,0.7,Moderate,native_prediction_dir,11.5104,11.0729,23.1932,11.6828,23.1902,11.6798,1826,7874,0.2319
B,M3D-RPN,Car,0.7,Hard,native_prediction_dir,8.9455,8.6455,17.8666,8.9211,17.865,8.9194,1958,10960,0.17865
B,M3D-RPN,Car,0.5,Easy,native_prediction_dir,48.5822,48.5566,65.4376,16.8554,65.3476,16.7653,1899,2906,0.65348
B,M3D-RPN,Car,0.5,Moderate,native_prediction_dir,36.0411,35.9401,48.1072,12.0661,48.095,12.0539,3787,7874,0.48095
B,M3D-RPN,Car,0.5,Hard,native_prediction_dir,28.7828,28.5931,38.4924,9.7097,38.4854,9.7026,4218,10960,0.38485
B,M3D-RPN,Pedestrian,0.5,Easy,native_prediction_dir,5.0176,4.7475,15.9612,10.9436,15.9612,10.9436,181,1134,0.15961
B,M3D-RPN,Pedestrian,0.5,Moderate,native_prediction_dir,3.9669,3.5526,11.9034,7.9364,11.9034,7.9364,207,1739,0.11903
B,M3D-RPN,Pedestrian,0.5,Hard,native_prediction_dir,3.2539,2.795,9.8066,6.5528,9.8066,6.5528,213,2172,0.09807
B,M3D-RPN,Cyclist,0.5,Easy,native_prediction_dir,3.4907,3.1025,15.6584,12.1677,15.6584,12.1677,44,281,0.15658
B,M3D-RPN,Cyclist,0.5,Moderate,native_prediction_dir,1.8243,1.486,8.2721,6.4478,8.2721,6.4478,45,544,0.08272
B,M3D-RPN,Cyclist,0.5,Hard,native_prediction_dir,1.654,1.174,7.5,5.846,7.5,5.846,45,600,0.075
B,MonoFlex,Car,0.7,Easy,native_prediction_dir,23.1466,22.2875,38.8865,15.74,39.8486,16.702,1158,2906,0.39849
B,MonoFlex,Car,0.7,Moderate,native_prediction_dir,16.2668,15.5435,26.5564,10.2895,26.9622,10.6953,2123,7874,0.26962
B,MonoFlex,Car,0.7,Hard,native_prediction_dir,13.7781,13.3776,22.8245,9.0464,23.1296,9.3515,2535,10960,0.2313
B,MonoFlex,Car,0.5,Easy,native_prediction_dir,60.7463,60.3883,68.0357,7.2894,71.0943,10.3479,2066,2906,0.71094
B,MonoFlex,Car,0.5,Moderate,native_prediction_dir,44.6176,44.071,52.7076,8.0899,54.1148,9.4972,4261,7874,0.54115
B,MonoFlex,Car,0.5,Hard,native_prediction_dir,39.4482,39.3312,47.2623,7.814,48.3394,8.8912,5298,10960,0.48339
B,MonoFlex,Pedestrian,0.5,Easy,native_prediction_dir,6.9923,6.7331,17.744,10.7517,17.8131,10.8207,202,1134,0.17813
B,MonoFlex,Pedestrian,0.5,Moderate,native_prediction_dir,5.3993,4.8726,13.9277,8.5284,13.9735,8.5742,243,1739,0.13974
B,MonoFlex,Pedestrian,0.5,Hard,native_prediction_dir,4.3939,4.0592,11.5197,7.1258,11.5562,7.1623,251,2172,0.11556
B,MonoFlex,Cyclist,0.5,Easy,native_prediction_dir,8.7503,7.9542,22.1429,13.3926,22.0641,13.3138,62,281,0.22064
B,MonoFlex,Cyclist,0.5,Moderate,native_prediction_dir,4.9674,4.5263,12.6838,7.7164,12.6838,7.7164,69,544,0.12684
B,MonoFlex,Cyclist,0.5,Hard,native_prediction_dir,4.5038,3.909,11.5,6.9962,11.5,6.9962,69,600,0.115
B,DEVIANT,Car,0.7,Easy,native_prediction_dir,25.3741,24.6482,43.8846,18.5105,43.9436,18.5694,1277,2906,0.43944
B,DEVIANT,Car,0.7,Moderate,native_prediction_dir,17.136,16.4905,29.2317,12.0956,29.2863,12.1502,2306,7874,0.29286
B,DEVIANT,Car,0.7,Hard,native_prediction_dir,14.6102,14.5068,25.0871,10.4769,25.1277,10.5176,2754,10960,0.25128
B,DEVIANT,Car,0.5,Easy,native_prediction_dir,61.3213,60.8111,71.646,10.3247,71.7481,10.4268,2085,2906,0.71748
B,DEVIANT,Car,0.5,Moderate,native_prediction_dir,45.2534,44.622,54.7333,9.4799,54.8895,9.6361,4322,7874,0.5489
B,DEVIANT,Car,0.5,Hard,native_prediction_dir,39.8191,40.064,48.2907,8.4716,48.4124,8.5933,5306,10960,0.48412
B,DEVIANT,Pedestrian,0.5,Easy,native_prediction_dir,10.2223,9.8299,20.2417,10.0194,20.3704,10.1481,231,1134,0.2037
B,DEVIANT,Pedestrian,0.5,Moderate,native_prediction_dir,7.691,7.2651,15.3249,7.634,15.4112,7.7202,268,1739,0.15411
B,DEVIANT,Pedestrian,0.5,Hard,native_prediction_dir,6.1919,5.4849,12.4075,6.2156,12.477,6.2851,271,2172,0.12477
B,DEVIANT,Cyclist,0.5,Easy,native_prediction_dir,4.2619,4.0217,17.4377,13.1759,17.4377,13.1759,49,281,0.17438
B,DEVIANT,Cyclist,0.5,Moderate,native_prediction_dir,2.3794,2.2013,9.7426,7.3633,9.7426,7.3633,53,544,0.09743
B,DEVIANT,Cyclist,0.5,Hard,native_prediction_dir,2.1573,2.1405,8.8333,6.676,8.8333,6.676,53,600,0.08833
B,MonoGround,Car,0.7,Easy,native_prediction_dir,24.3995,23.3358,41.7463,17.3468,42.1886,17.7891,1226,2906,0.42189
B,MonoGround,Car,0.7,Moderate,native_prediction_dir,17.4638,16.7901,28.2742,10.8104,28.4608,10.9969,2241,7874,0.28461
B,MonoGround,Car,0.7,Hard,native_prediction_dir,14.5611,13.9137,23.7284,9.1673,23.8686,9.3075,2616,10960,0.23869
B,MonoGround,Car,0.5,Easy,native_prediction_dir,62.1517,61.1876,70.6667,8.515,72.4019,10.2502,2104,2906,0.72402
B,MonoGround,Car,0.5,Moderate,native_prediction_dir,46.6127,46.3129,55.3646,8.7519,56.1468,9.5342,4421,7874,0.56147
B,MonoGround,Car,0.5,Hard,native_prediction_dir,41.1132,40.3986,49.1649,8.0517,49.781,8.6678,5456,10960,0.49781
B,MonoGround,Pedestrian,0.5,Easy,native_prediction_dir,11.8944,11.4435,23.357,11.4626,23.3686,11.4742,265,1134,0.23369
B,MonoGround,Pedestrian,0.5,Moderate,native_prediction_dir,8.9951,8.6736,17.7616,8.7665,17.7688,8.7737,309,1739,0.17769
B,MonoGround,Pedestrian,0.5,Hard,native_prediction_dir,7.3599,6.6205,14.6351,7.2753,14.6409,7.281,318,2172,0.14641
B,MonoGround,Cyclist,0.5,Easy,native_prediction_dir,3.3045,2.7494,14.2349,10.9304,14.2349,10.9304,40,281,0.14235
B,MonoGround,Cyclist,0.5,Moderate,native_prediction_dir,1.8326,1.317,8.0882,6.2556,8.0882,6.2556,44,544,0.08088
B,MonoGround,Cyclist,0.5,Hard,native_prediction_dir,1.7087,1.2699,7.6667,5.958,7.6667,5.958,46,600,0.07667
